starId,lambdaEff,filter,referenceId,magAverage,magError,stdError,amplitudeEff
1512443,510,30,0,6.9090,0.0004,0.0049,0.0067
1512443,440,31,0,6.9977,0.0049,0.0480,0.0094
1512443,550,32,0,6.8759,0.0055,0.0524,-0.0068
1512443,360,1,1,1.1767,0.0010,0.0059,0.0109
1512443,440,2,1,1.1129,0.0009,0.0053,0.0094
1512443,550,3,1,1.0148,0.0015,0.0085,-0.0068
1512443,400,24,2,0.9042,0.0013,0.0067,-0.0617
1512443,360,1,3,1.1780,0.0012,0.0042,0.0109
1512443,440,2,3,1.1017,0.0013,0.0043,0.0094
1512443,550,3,3,1.0107,0.0012,0.0035,-0.0068
1493452,510,30,0,6.4894,0.0012,0.0083,0.0021
1493452,440,31,0,6.4015,0.0043,0.0378,0.0231
1493452,550,32,0,6.4883,0.0054,0.0448,-0.0001
1493452,350,20,31,0.0367,0.0004,0.0033,0.0002
1493452,410,21,31,0.5642,0.0004,0.0032,0.0018
1493452,465,22,31,0.6100,0.0003,0.0027,0.0013
1493452,550,23,31,0.6323,0.0005,0.0037,-0.0001
3231473,510,30,0,8.3564,0.0015,0.0142,0.0083
3231473,440,31,0,8.4050,0.0078,0.0970,-0.0183
3231473,550,32,0,8.3051,0.0072,0.1055,0.0058
3231473,350,20,4,7.2643,0.0025,0.0072,0.0275
3231473,410,21,4,6.1458,0.0030,0.0121,0.1216
3231473,465,22,4,5.7782,0.0037,0.0116,0.0334
3231473,550,23,4,5.7086,0.0027,0.0112,0.0058
3231473,350,20,5,1.5132,0.0023,0.0068,0.0275
3231473,410,21,5,1.6380,0.0012,0.0058,0.1216
3231473,465,22,5,1.4212,0.0025,0.0096,0.0334
3231473,550,23,5,1.3466,0.0013,0.0065,0.0058
3231473,517,70,5,1.3830,0.0018,0.0061,0.0239
3231473,517,71,5,1.4073,0.0020,0.0066,0.0239
8278,510,30,0,6.1511,0.0006,0.0056,0.0181
8278,440,31,0,6.1763,0.0019,0.0297,-0.0299
8278,550,32,0,6.1313,0.0030,0.0369,0.0218
8278,360,1,9,0.4186,0.0006,0.0033,-0.0230
8278,440,2,9,0.1993,0.0012,0.0041,-0.0299
8278,550,3,9,0.1243,0.0024,0.0077,0.0218
1246073,510,30,0,4.2629,0.0005,0.0044,0.0034
1246073,440,31,0,4.1241,0.0021,0.0229,0.0004
1246073,550,32,0,4.2840,0.0024,0.0237,-0.0077
1246073,350,20,92.1,4.8028,0.0017,0.0085,-0.0130
1246073,350,20,92.2,4.7953,0.0010,0.0085,-0.0130
1246073,410,21,92.1,4.3128,0.0012,0.0174,-0.0106
1246073,410,21,92.2,4.2822,0.0007,0.0174,-0.0106
1246073,465,22,92.1,4.2577,0.0011,0.0053,-0.0069
1246073,465,22,92.1,4.2520,0.0004,0.0053,-0.0069
1246073,550,23,92.1,4.3186,0.0009,0.0054,-0.0077
1246073,550,23,92.1,4.3217,0.0007,0.0054,-0.0077
1246073,350,20,93,4.8266,0.0010,0.0142,-0.0130
1246073,410,21,93,4.2866,0.0005,0.0076,-0.0106
1246073,465,22,93,4.2560,0.0006,0.0077,-0.0069
1246073,550,23,93,4.3212,0.0006,0.0079,-0.0077
1246073,360,1,100,0.8399,0.0016,0.0081,-0.0023
1246073,440,2,100,0.4906,0.0011,0.0056,0.0004
1246073,550,3,100,0.1450,0.0009,0.0042,-0.0077
1246073,700,4,100,0.4568,0.0015,0.0051,-0.0010
1246073,640,5,100,0.7510,0.0014,0.0074,0.0039
132281,510,30,0,8.5134,0.0014,0.0167,-0.0311
132281,440,31,0,8.7170,0.0099,0.1282,0.0384
132281,550,32,0,8.4920,0.0094,0.1345,-0.0265
132281,350,20,2,1.6145,0.0016,0.0093,-0.0422
132281,410,21,2,1.1120,0.0014,0.0064,0.0144
132281,465,22,2,0.9083,0.0008,0.0032,-0.0247
132281,550,23,2,0.7858,0.0014,0.0057,-0.0265
1226565,510,30,0,5.5411,0.0004,0.0058,-0.0027
1226565,440,31,0,5.6220,0.0021,0.0253,-0.0106
1226565,550,32,0,5.5190,0.0028,0.0295,0.0007
1226565,350,20,92,7.0466,0.0017,0.0190,0.0095
1226565,410,21,92,5.7773,0.0007,0.0082,0.0077
1226565,465,22,92,5.5503,0.0005,0.0055,0.0056
1226565,550,23,92,5.5115,0.0006,0.0063,0.0007
1226565,350,20,93,7.0660,0.0011,0.0125,0.0095
1226565,410,21,93,5.7891,0.0008,0.0092,0.0077
1226565,465,22,93,5.5505,0.0007,0.0081,0.0056
1226565,550,23,93,5.5125,0.0008,0.0082,0.0007
1226565,350,20,97,7.0614,0.0014,0.0111,0.0095
1226565,410,21,97,5.7875,0.0010,0.0085,0.0077
1226565,465,22,97,5.5500,0.0009,0.0078,0.0056
1226565,550,23,97,5.5182,0.0009,0.0065,0.0007
1226565,350,20,98,7.0571,0.0017,0.0093,0.0095
1226565,410,21,98,5.7844,0.0018,0.0104,0.0077
1226565,465,22,98,5.5482,0.0014,0.0081,0.0056
1226565,550,23,98,5.5164,0.0015,0.0078,0.0007
1259863,510,30,0,8.2266,0.0016,0.0139,-0.0015
1259863,440,31,0,8.5706,0.0074,0.0934,-0.0175
1259863,550,32,0,8.1640,0.0091,0.1038,-0.0126
1259863,360,1,94,1.5092,0.0005,0.0053,-0.0124
1259863,440,2,94,1.5018,0.0005,0.0052,-0.0175
1259863,550,3,94,1.6012,0.0004,0.0041,-0.0126
1259863,700,4,94,1.6587,0.0006,0.0041,-0.0126
1259863,880,6,94,1.7105,0.0005,0.0035,-0.0077
1260043,510,30,0,8.5044,0.0016,0.0141,0.0136
1260043,440,31,0,8.6350,0.0101,0.1262,0.0152
1260043,550,32,0,8.4284,0.0121,0.1319,-0.0154
1260043,360,1,94,1.6553,0.0008,0.0052,0.0291
1260043,440,2,94,1.6023,0.0007,0.0049,0.0152
1260043,550,3,94,1.9072,0.0006,0.0039,-0.0154
1260043,790,4,94,2.2223,0.0136,0.1156,-0.0186
1260043,790,6,94,2.3244,0.0007,0.0037,-0.0186
1212237,510,30,0,8.4686,0.0011,0.0127,0.0572
1212237,440,31,0,8.6678,0.0091,0.1212,0.1609
1212237,550,32,0,8.3802,0.0124,0.1191,0.0259
1212237,440,2,12,8.6289,0.0089,0.0415,0.1609
1212237,550,3,12,8.3949,0.0084,0.0278,0.0259
1212237,350,20,13,9.9431,0.0025,0.0132,0.0405
1212237,410,21,13,8.8846,0.0021,0.0122,0.1966
1212237,465,22,13,8.5019,0.0016,0.0090,0.0921
1212237,550,23,13,8.4076,0.0018,0.0081,0.0259
1212237,350,20,14,9.9496,0.0015,0.0125,0.0405
1212237,410,21,14,8.8864,0.0011,0.0099,0.1966
1212237,465,22,14,8.5044,0.0008,0.0072,0.0921
1212237,550,23,14,8.4098,0.0010,0.0063,0.0259
109142,510,30,0,7.1270,0.0008,0.0090,0.0000
109142,440,31,0,7.0552,0.0040,0.0529,0.0000
109142,550,32,0,7.1216,0.0053,0.0690,0.0000
109142,350,20,19,0.3407,0.0004,0.0044,0.0000
109142,410,21,19,0.7383,0.0004,0.0041,0.0000
109142,465,22,19,0.8094,0.0003,0.0037,0.0000
109142,550,23,19,0.8661,0.0004,0.0037,0.0000
85374,510,30,0,5.5475,0.0007,0.0075,-0.0161
85374,440,31,0,5.4657,0.0018,0.0263,-0.0154
85374,550,32,0,5.5521,0.0017,0.0273,-0.0155
85374,350,20,16,-0.3443,0.0015,0.0148,-0.0301
85374,410,21,16,0.1656,0.0009,0.0086,-0.0179
85374,465,22,16,0.2236,0.0007,0.0066,-0.0190
85374,550,23,16,0.2552,0.0007,0.0066,-0.0155
1298708,510,30,0,5.9216,0.0007,0.0069,-0.0058
1298708,440,31,0,6.0364,0.0025,0.0303,-0.0058
1298708,550,32,0,5.8737,0.0030,0.0318,0.0020
1298708,350,20,19,1.1891,0.0007,0.0065,-0.0002
1298708,410,21,19,1.1907,0.0007,0.0054,-0.0043
1298708,465,22,19,1.0274,0.0007,0.0061,-0.0007
1298708,550,23,19,0.9603,0.0008,0.0057,0.0020
10680,510,30,0,7.8788,0.0010,0.0117,0.0000
10680,440,31,0,7.8392,0.0054,0.0696,0.0000
10680,550,32,0,7.8719,0.0071,0.0924,0.0000
10680,350,20,17,1.9285,0.0008,0.0081,0.0000
10680,410,21,17,1.4719,0.0004,0.0038,0.0000
10680,465,22,17,1.3617,0.0003,0.0032,0.0000
10680,550,23,17,1.3881,0.0003,0.0031,0.0000
630338,510,30,0,5.7559,0.0008,0.0055,0.0400
630338,440,31,0,5.6534,0.0028,0.0229,0.0487
630338,550,32,0,5.7631,0.0044,0.0348,0.0312
630338,360,1,91,-1.2270,0.0003,0.0070,0.0712
630338,440,2,91,-0.7413,0.0003,0.0052,0.0487
630338,550,3,91,-0.6358,0.0003,0.0062,0.0312
630338,360,1,91,-1.2190,0.0005,0.0096,0.0712
630338,440,2,91,-0.7465,0.0003,0.0059,0.0487
630338,550,3,91,-0.6341,0.0004,0.0069,0.0312
630338,360,1,91,-1.2175,0.0004,0.0052,0.0712
630338,440,2,91,-0.7456,0.0002,0.0034,0.0487
630338,550,3,91,-0.6336,0.0003,0.0048,0.0312
630338,360,1,91,-1.2146,0.0004,0.0067,0.0712
630338,440,2,91,-0.7459,0.0004,0.0069,0.0487
630338,550,3,91,-0.6348,0.0004,0.0063,0.0312
630338,360,1,92,-1.2313,0.0006,0.0088,0.0712
630338,440,2,92,-0.7430,0.0005,0.0067,0.0487
630338,550,3,92,-0.6337,0.0005,0.0069,0.0312
227979,510,30,0,6.2603,0.0008,0.0065,-0.0061
227979,440,31,0,6.1601,0.0034,0.0329,0.0116
227979,550,32,0,6.2741,0.0037,0.0375,-0.0092
227979,350,20,17,-0.1877,0.0004,0.0031,-0.0143
227979,410,21,17,0.1023,0.0004,0.0032,-0.0073
227979,465,22,17,0.1221,0.0003,0.0026,-0.0108
227979,550,23,17,0.1904,0.0002,0.0019,-0.0092
227979,350,20,17,-1.9098,0.0018,0.0051,-0.0143
227979,410,21,17,-1.4149,0.0005,0.0019,-0.0073
227979,465,22,17,-1.2954,0.0007,0.0021,-0.0108
227979,550,23,17,-1.1992,0.0010,0.0030,-0.0092
666094,510,30,0,5.1905,0.0002,0.0051,0.0532
666094,440,31,0,5.0745,0.0027,0.0258,0.0495
666094,550,32,0,5.2112,0.0026,0.0268,0.0484
666094,350,20,19,0.0925,0.0012,0.0098,0.1122
666094,410,21,19,0.7838,0.0009,0.0075,0.0492
666094,465,22,19,0.9217,0.0007,0.0055,0.0528
666094,550,23,19,1.0234,0.0009,0.0072,0.0484
666094,350,20,20,0.0743,0.0007,0.0068,0.1122
666094,410,21,20,0.8365,0.0007,0.0072,0.0492
666094,465,22,20,0.9526,0.0008,0.0084,0.0528
666094,550,23,20,1.0498,0.0008,0.0081,0.0484
698910,510,30,0,6.2005,0.0010,0.0069,-0.0225
698910,440,31,0,6.3505,0.0042,0.0389,-0.0156
698910,550,32,0,6.1748,0.0040,0.0365,-0.0210
698910,350,20,20,0.0208,0.0006,0.0058,-0.0341
698910,410,21,20,0.3941,0.0004,0.0042,-0.0268
698910,465,22,20,0.5098,0.0004,0.0035,-0.0267
698910,550,23,20,0.5096,0.0003,0.0031,-0.0210
707870,510,30,0,5.3190,0.0008,0.0041,0.0560
707870,440,31,0,5.2103,0.0022,0.0224,0.0535
707870,550,32,0,5.2103,0.0022,0.0224,0.0509
707870,350,20,22,-0.6622,0.0009,0.0055,0.1147
707870,410,21,22,-0.4822,0.0007,0.0044,0.0397
707870,465,22,22,-0.3737,0.0014,0.0089,0.0614
707870,550,23,22,-0.2209,0.0013,0.0072,0.0509
707870,360,40,22,5.1757,0.0035,0.0196,0.0971
707870,440,41,22,4.2415,0.0023,0.0120,0.0535
707870,550,42,22,5.3683,0.0008,0.0069,0.0509
707870,450,43,22,5.0746,0.0031,0.0146,0.0510
707870,440,44,22,5.7783,0.0024,0.0132,0.0535
707870,550,45,22,6.0604,0.0025,0.0131,0.0509
707870,581,46,22,6.5391,0.0026,0.0145,0.0670
707870,350,50,23,-1.2940,0.0060,0.0229,0.1147
707870,360,51,23,-1.0806,0.0044,0.0172,0.0971
707870,410,52,23,-0.8484,0.0021,0.0083,0.0397
707870,465,53,23,-0.5135,0.0034,0.0146,0.0614
707870,510,54,23,-0.3385,0.0085,0.0211,0.0560
707870,550,55,23,-0.2773,0.0036,0.0132,0.0509
707870,635,56,23,-0.1483,0.0039,0.0137,0.0600
707870,635,57,23,-0.0636,0.0047,0.0152,0.0600
707870,740,58,23,0.0528,0.0042,0.0135,0.0622
707870,740,59,23,0.1312,0.0059,0.0191,0.0622
707870,350,50,24,-1.2988,0.0017,0.0082,0.1147
707870,360,51,24,-1.0858,0.0020,0.0095,0.0971
707870,410,52,24,-0.8364,0.0010,0.0051,0.0397
707870,465,53,24,-0.5285,0.0023,0.0128,0.0614
707870,510,54,24,-0.3441,0.0050,0.0158,0.0560
707870,550,55,24,-0.2754,0.0012,0.0056,0.0509
707870,635,56,24,-0.1427,0.0015,0.0065,0.0600
707870,635,57,24,-0.0586,0.0013,0.0055,0.0600
707870,740,58,24,0.0551,0.0019,0.0081,0.0622
707870,740,59,24,0.1236,0.0023,0.0095,0.0622
722159,510,30,0,5.7238,0.0006,0.0060,0.0988
722159,440,31,0,5.5931,0.0027,0.0280,0.1288
722159,550,32,0,5.7411,0.0030,0.0308,0.0909
722159,2200,7,6,6.0692,0.0064,0.0170,0.0825
722159,2200,8,6,6.1010,0.0075,0.0199,0.0825
722159,2200,9,6,6.1591,0.0176,0.0465,0.0825
722159,2200,10,6,6.1019,0.0106,0.0280,0.0825
722159,2200,11,6,5.7301,0.0831,0.2082,0.0825
722159,350,20,26,6.2405,0.0011,0.0028,0.1466
722159,410,21,26,5.7618,0.0021,0.0062,0.1261
722159,465,22,26,5.7245,0.0022,0.0071,0.1148
722159,550,23,26,5.7745,0.0016,0.0054,0.0909
722159,440,41,46,4.6267,0.0015,0.0077,0.1288
722159,550,42,46,5.7503,0.0014,0.0074,0.0909
722159,350,20,92,6.2195,0.0036,0.0187,0.1466
722159,410,21,92,5.7559,0.0015,0.0083,0.1261
722159,465,22,92,5.7085,0.0012,0.0072,0.1148
722159,550,23,92,5.7639,0.0014,0.0086,0.0909
722159,350,20,93,6.2559,0.0023,0.0144,0.1466
722159,410,21,93,5.7681,0.0021,0.0142,0.1261
722159,465,22,93,5.7174,0.0014,0.0098,0.1148
722159,550,23,93,5.7717,0.0013,0.0099,0.0909
722159,350,20,97,6.2577,0.0037,0.0082,0.1466
722159,410,21,97,5.7741,0.0043,0.0118,0.1261
722159,465,22,97,5.7217,0.0046,0.0120,0.1148
722159,550,23,97,5.7741,0.0044,0.0118,0.0909
722478,550,32,0,5.7052,0.0000,0.0306,0.0000
722478,350,20,92,6.3488,0.0013,0.0217,-0.0111
722478,410,21,92,5.7490,0.0000,0.0000,0.0000
722478,465,22,92,5.6740,0.0000,0.0000,0.0000
722478,550,23,92,5.7180,0.0000,0.0000,0.0000
722478,350,20,93,6.3772,0.0013,0.0195,-0.0111
722478,410,21,93,5.7332,0.0000,0.0160,0.0000
722478,465,22,93,5.6666,0.0001,0.0142,0.0000
722478,550,23,93,5.7202,0.0000,0.0117,0.0000
2981659,510,30,0,8.9569,0.0016,0.0163,0.0041
2981659,440,31,0,9.2235,0.0136,0.1671,-0.0155
2981659,550,32,0,8.8651,0.0156,0.1610,0.0033
2981659,350,20,4,10.6388,0.0020,0.0066,0.0448
2981659,410,21,4,9.4516,0.0043,0.0185,0.0912
2981659,465,22,4,9.0172,0.0000,0.0165,0.0297
2981659,550,23,4,8.8568,0.0054,0.0126,0.0033
2981659,550,3,27,8.8584,0.0022,0.0070,0.0033
2981659,350,20,27,0.9829,0.0012,0.0071,0.0448
2981659,410,21,27,0.9557,0.0013,0.0091,0.0912
2981659,350,20,29,0.9789,0.0085,0.0191,0.0448
2981659,410,21,29,0.9509,0.0110,0.0334,0.0912
2981659,465,22,29,0.8255,0.0000,0.0000,0.0297
2981659,550,23,29,0.7898,0.0204,0.0295,0.0033
756054,510,30,0,7.0413,0.0008,0.0056,-0.0253
756054,440,31,0,6.9910,0.0046,0.0466,-0.0299
756054,550,32,0,7.0518,0.0059,0.0605,-0.0238
756054,360,1,7,6.5910,0.0019,0.0085,-0.0441
756054,440,2,7,7.0130,0.0015,0.0059,-0.0299
756054,550,3,7,7.0621,0.0015,0.0063,-0.0238
756054,350,20,30,-0.2584,0.0004,0.0033,-0.0471
756054,410,21,30,0.2836,0.0003,0.0029,-0.0276
756054,465,22,30,0.4364,0.0003,0.0024,-0.0277
756054,550,23,30,0.5494,0.0003,0.0028,-0.0238
756054,350,20,87,-0.2648,0.0005,0.0035,-0.0471
756054,410,21,87,0.2872,0.0004,0.0030,-0.0276
756054,465,22,87,0.4490,0.0005,0.0040,-0.0277
756054,550,23,87,0.5607,0.0004,0.0031,-0.0238
306083,510,30,0,5.4004,0.0005,0.0057,-0.0455
306083,440,31,0,5.2949,0.0012,0.0205,-0.0436
306083,550,32,0,5.4173,0.0013,0.0244,-0.0403
306083,350,20,37,-0.7412,0.0006,0.0045,-0.1091
306083,410,21,37,-0.4227,0.0005,0.0040,-0.0461
306083,465,22,37,-0.4805,0.0005,0.0035,-0.0480
306083,550,23,37,-0.3801,0.0004,0.0032,-0.0403
772305,510,30,0,7.0994,0.0009,0.0097,-0.1122
772305,440,31,0,6.9962,0.0034,0.0481,-0.1410
772305,550,32,0,7.1151,0.0049,0.0654,-0.0992
772305,350,20,4,7.7108,0.0047,0.0095,-0.1623
772305,410,21,4,7.1463,0.0085,0.0163,-0.1463
772305,465,22,4,7.0827,0.0091,0.0211,-0.1255
772305,550,23,4,7.1228,0.0052,0.0098,-0.0992
772305,350,20,31,1.6009,0.0007,0.0050,-0.1623
772305,410,21,31,1.1067,0.0007,0.0049,-0.1463
772305,465,22,31,1.0495,0.0004,0.0038,-0.1255
772305,550,23,31,0.9903,0.0005,0.0038,-0.0992
777950,510,30,0,6.1376,0.0011,0.0091,0.0000
777950,440,31,0,6.0873,0.0038,0.0405,0.0000
777950,550,32,0,6.1347,0.0042,0.0445,0.0000
777950,350,20,45,-0.8681,0.0010,0.0044,0.0000
777950,410,21,45,-0.7377,0.0012,0.0053,0.0000
777950,465,22,45,-0.5072,0.0014,0.0064,0.0000
777950,550,23,45,-0.3447,0.0011,0.0047,0.0000
777950,350,20,45,1.5581,0.0010,0.0046,0.0000
777950,410,21,45,1.6652,0.0011,0.0052,0.0000
777950,465,22,45,1.8627,0.0010,0.0047,0.0000
777950,550,23,45,2.0269,0.0014,0.0067,0.0000
785381,510,30,0,7.8751,0.0011,0.0105,-0.0388
785381,440,31,0,7.7474,0.0071,0.0866,-0.0520
785381,550,32,0,7.8942,0.0064,0.0911,-0.0290
785381,350,20,92,8.3365,0.0028,0.0202,-0.0628
785381,410,21,92,7.9144,0.0019,0.0129,-0.0370
785381,465,22,92,7.8654,0.0012,0.0081,-0.0385
785381,550,23,92,7.9257,0.0012,0.0100,-0.0290
785381,350,20,93,8.3635,0.0033,0.0198,-0.0628
785381,410,21,93,7.9239,0.0027,0.0151,-0.0370
785381,465,22,93,7.8643,0.0015,0.0084,-0.0385
785381,550,23,93,7.9212,0.0012,0.0084,-0.0290
785381,350,20,102,0.8376,0.0006,0.0061,-0.0628
785381,410,21,102,1.1812,0.0004,0.0039,-0.0370
785381,465,22,102,1.2123,0.0004,0.0038,-0.0385
785381,550,23,102,1.2422,0.0004,0.0042,-0.0290
798842,510,30,0,8.0313,0.0008,0.0084,-0.0169
798842,440,31,0,7.9113,0.0071,0.0714,-0.0103
798842,550,32,0,8.0350,0.0092,0.1055,-0.0140
798842,350,20,32,1.2476,0.0007,0.0077,-0.0320
798842,410,21,32,1.3494,0.0006,0.0057,-0.0204
798842,465,22,32,1.3612,0.0005,0.0045,-0.0198
798842,550,23,32,1.3912,0.0005,0.0051,-0.0140
811516,350,20,92,8.8382,0.0014,0.0148,-0.0482
811516,410,21,92,8.1732,0.0011,0.0104,-0.0400
811516,465,22,92,8.0851,0.0008,0.0079,-0.0389
811516,550,23,92,8.1276,0.0008,0.0084,-0.0212
811516,350,20,93,8.8763,0.0007,0.0129,-0.0482
811516,410,21,93,8.1943,0.0008,0.0131,-0.0400
811516,465,22,93,8.0875,0.0005,0.0087,-0.0389
811516,550,23,93,8.1246,0.0005,0.0092,-0.0212
811516,350,20,97,8.8815,0.0010,0.0093,-0.0482
811516,410,21,97,8.1973,0.0008,0.0068,-0.0400
811516,465,22,97,8.0889,0.0007,0.0062,-0.0389
811516,550,23,97,8.1260,0.0007,0.0056,-0.0212
827499,510,30,0,6.9486,0.0011,0.0092,-0.0280
827499,440,31,0,6.8057,0.0041,0.0509,-0.0174
827499,550,32,0,6.9739,0.0058,0.0648,-0.0253
827499,350,20,26,7.0994,0.0004,0.0029,-0.0248
827499,410,21,26,6.9873,0.0005,0.0031,-0.0336
827499,465,22,26,6.9599,0.0005,0.0038,-0.0267
827499,550,23,26,7.0056,0.0005,0.0034,-0.0253
827499,350,20,33,-0.6252,0.0007,0.0046,-0.0248
827499,410,21,33,-0.6915,0.0010,0.0059,-0.0336
827499,465,22,33,-0.7053,0.0006,0.0041,-0.0267
827499,550,23,33,-0.7293,0.0007,0.0045,-0.0253
827499,350,20,85,0.9272,0.0013,0.0061,-0.0248
827499,410,21,85,0.8535,0.0015,0.0057,-0.0336
827499,465,22,85,0.8218,0.0012,0.0056,-0.0267
827499,550,23,85,0.7863,0.0015,0.0063,-0.0253
827032,510,30,0,7.4501,0.0014,0.0099,0.0108
827032,440,31,0,7.8067,0.0084,0.0708,-0.0768
827032,550,32,0,7.3662,0.0053,0.0732,0.0146
827032,550,3,27,7.3332,0.0015,0.0069,0.0146
827032,350,20,27,1.4246,0.0013,0.0065,0.0560
827032,410,21,27,0.8342,0.0014,0.0060,0.1116
836292,510,30,0,2.6062,0.0003,0.0026,-0.0323
836292,440,31,0,2.5671,0.0021,0.0240,-0.0221
836292,550,32,0,2.6290,0.0016,0.0226,-0.0280
836292,350,20,37,0.3263,0.0007,0.0054,-0.0702
836292,410,21,37,0.8919,0.0009,0.0064,-0.0321
836292,465,22,37,0.7279,0.0006,0.0048,-0.0347
836292,550,23,37,1.0916,0.0006,0.0042,-0.0280
836292,350,20,87,-0.3160,0.0004,0.0040,-0.0702
836292,410,21,87,0.0607,0.0004,0.0028,-0.0321
836292,465,22,87,0.1419,0.0004,0.0041,-0.0347
836292,550,23,87,0.1752,0.0004,0.0031,-0.0280
867173,510,30,0,6.5256,0.0008,0.0078,-0.0326
867173,440,31,0,6.3681,0.0024,0.0335,-0.0283
867173,550,32,0,6.5489,0.0021,0.0431,-0.0296
867173,350,20,92,6.8787,0.0009,0.0171,-0.0494
867173,410,21,92,6.5387,0.0006,0.0102,-0.0357
867173,465,22,92,6.5098,0.0005,0.0073,-0.0353
867173,550,23,92,6.5816,0.0005,0.0091,-0.0296
867173,350,20,93,6.9129,0.0009,0.0112,-0.0494
867173,410,21,93,6.5493,0.0007,0.0071,-0.0357
867173,465,22,93,6.5077,0.0007,0.0065,-0.0353
867173,550,23,93,6.5857,0.0005,0.0054,-0.0296
871077,510,30,0,6.2480,0.0005,0.0043,-0.0175
871077,440,31,0,6.1591,0.0025,0.0294,-0.0221
871077,550,32,0,6.2646,0.0031,0.0407,-0.0209
871077,350,20,33,1.1664,0.0008,0.0087,-0.0441
871077,410,21,33,0.9648,0.0005,0.0052,-0.0178
871077,465,22,33,0.9375,0.0005,0.0045,-0.0234
871077,550,23,33,0.9436,0.0005,0.0045,-0.0209
871077,350,20,86,0.1137,0.0011,0.0087,-0.0441
871077,410,21,86,-0.1405,0.0009,0.0063,-0.0178
871077,465,22,86,-0.2201,0.0011,0.0081,-0.0234
871077,550,23,86,-0.2474,0.0008,0.0051,-0.0209
930623,510,30,0,6.0174,0.0012,0.0134,0.0160
930623,440,31,0,5.8605,0.0024,0.0347,0.0249
930623,550,32,0,6.0369,0.0035,0.0422,0.0146
930623,350,20,20,-0.9248,0.0028,0.0228,0.0252
930623,410,21,20,-0.1409,0.0022,0.0169,0.0263
930623,465,22,20,-0.0501,0.0020,0.0140,0.0209
930623,550,23,20,0.0162,0.0017,0.0119,0.0146
930623,350,20,26,6.3915,0.0047,0.0190,0.0252
930623,410,21,26,6.0368,0.0026,0.0097,0.0263
930623,465,22,26,6.0093,0.0026,0.0091,0.0209
930623,550,23,26,6.0772,0.0025,0.0088,0.0146
921413,510,30,0,5.8159,0.0005,0.0052,-0.0015
921413,350,20,17,-0.2576,0.0005,0.0045,-0.0027
921413,410,21,17,0.3995,0.0005,0.0044,-0.0015
921413,465,22,17,0.5530,0.0006,0.0064,-0.0017
921413,550,23,17,0.6372,0.0003,0.0026,-0.0028
921413,350,20,17,2.1743,0.0006,0.0040,-0.0027
921413,410,21,17,2.8513,0.0009,0.0052,-0.0015
921413,465,22,17,2.9605,0.0004,0.0030,-0.0017
921413,550,23,17,3.0415,0.0005,0.0033,-0.0028
925913,510,30,0,9.0097,0.0016,0.0153,0.0000
925913,440,31,0,9.0135,0.0137,0.1547,0.0000
925913,550,32,0,8.9643,0.0158,0.1783,0.0000
925913,350,20,79,0.6194,0.0005,0.0054,0.0000
925913,410,21,79,0.6751,0.0005,0.0052,0.0000
925913,465,22,79,0.6223,0.0004,0.0042,0.0000
925913,550,23,79,0.6878,0.0004,0.0045,0.0000
934473,510,30,0,6.7093,0.0008,0.0082,-0.1387
934473,440,31,0,6.7350,0.0046,0.0725,-0.0813
934473,350,50,24,1.5564,0.0013,0.0061,-0.1087
934473,360,51,24,1.6968,0.0013,0.0050,-0.0622
934473,410,52,24,1.8763,0.0011,0.0040,-0.0266
934473,465,53,24,1.8020,0.0009,0.0055,-0.1303
934473,510,54,24,1.8055,0.0029,0.0123,-0.1387
934473,550,55,24,1.7887,0.0011,0.0058,-0.1697
934473,635,56,24,1.7532,0.0009,0.0049,-0.1852
934473,635,57,24,1.7450,0.0005,0.0024,-0.1852
934473,740,58,24,1.7611,0.0011,0.0061,-0.1817
934473,740,59,24,1.7627,0.0007,0.0032,-0.1817
934473,360,1,34,-0.2098,0.0013,0.0061,-0.0622
934473,440,2,34,-0.0334,0.0018,0.0080,-0.0813
934473,550,3,34,0.3544,0.0010,0.0062,-0.1697
934473,350,20,35,-0.2006,0.0029,0.0135,-0.1087
934473,410,21,35,-0.0255,0.0070,0.0267,-0.0266
934473,465,22,35,0.0581,0.0016,0.0102,-0.1303
934473,550,23,35,0.3428,0.0013,0.0069,-0.1697
3021861,510,30,2,5.1435,0.0006,0.0060,0.0200
3021861,440,31,2,5.1133,0.0014,0.0190,0.0350
3021861,550,32,2,5.1485,0.0018,0.0220,0.0200
3021861,350,20,92,6.2150,0.0025,0.0130,0.0300
3021861,410,21,92,5.2782,0.0023,0.0110,0.0330
3021861,465,22,92,5.1110,0.0018,0.0080,0.0330
3021861,550,23,92,5.1641,0.0021,0.0090,0.0200
3021861,350,20,92,6.1676,0.0038,0.0130,0.0300
3021861,410,21,92,5.2593,0.0019,0.0060,0.0330
3021861,465,22,92,5.1165,0.0032,0.0100,0.0330
3021861,550,23,92,5.1748,0.0029,0.0090,0.0200
3021861,350,20,93,6.1906,0.0053,0.0190,0.0300
3021861,410,21,93,5.2671,0.0034,0.0110,0.0330
3021861,465,22,93,5.1031,0.0043,0.0140,0.0330
3021861,550,23,93,5.1571,0.0033,0.0100,0.0200
3021861,350,20,93,6.1502,0.0012,0.0100,0.0300
3021861,410,21,93,5.2687,0.0008,0.0060,0.0330
3021861,465,22,93,5.1079,0.0007,0.0050,0.0330
3021861,550,23,93,5.1532,0.0009,0.0070,0.0200
3021861,350,20,94,6.2197,0.0032,0.0110,0.0300
3021861,410,21,94,5.2875,0.0042,0.0130,0.0330
3021861,465,22,94,5.1083,0.0037,0.0110,0.0330
3021861,550,23,94,5.1637,0.0028,0.0080,0.0200
3021861,350,20,94,6.1884,0.0012,0.0080,0.0300
3021861,410,21,94,5.2792,0.0009,0.0060,0.0330
3021861,465,22,94,5.1094,0.0008,0.0050,0.0330
3021861,550,23,94,5.1633,0.0008,0.0050,0.0200
3021861,350,20,94,6.2318,0.0048,0.0170,0.0300
3021861,410,21,94,5.2873,0.0037,0.0120,0.0330
3021861,465,22,94,5.1122,0.0030,0.0100,0.0330
3021861,550,23,94,5.1597,0.0008,0.0020,0.0200
394588,510,30,0,6.5652,0.0005,0.0073,-0.0302
394588,440,31,0,6.8296,0.0028,0.0401,-0.0543
394588,550,32,0,6.5028,0.0023,0.0401,-0.0299
394588,350,20,36,8.1588,0.0011,0.0044,-0.0208
394588,410,21,36,7.0072,0.0026,0.0101,-0.0411
394588,465,22,36,6.5899,0.0010,0.0041,-0.0375
394588,550,23,36,6.4519,0.0008,0.0033,-0.0299
394588,350,20,37,-0.8238,0.0007,0.0075,-0.0208
394588,410,21,37,-0.7752,0.0007,0.0079,-0.0411
394588,465,22,37,-0.5801,0.0010,0.0149,-0.0375
394588,550,23,37,-0.8570,0.0004,0.0043,-0.0299
394588,350,20,87,0.5450,0.0006,0.0061,-0.0208
394588,410,21,87,0.7166,0.0013,0.0128,-0.0411
394588,465,22,87,0.4414,0.0005,0.0050,-0.0375
394588,550,23,87,0.3354,0.0004,0.0044,-0.0299
2976986,510,30,0,6.5252,0.0006,0.0064,-0.0424
2976986,440,31,0,6.5280,0.0032,0.0401,-0.0175
2976986,550,32,0,6.5864,0.0058,0.0641,-0.0531
2976986,350,20,38,0.8004,0.0007,0.0044,-0.0722
2976986,410,21,38,0.6030,0.0008,0.0043,-0.0161
2976986,465,22,38,0.5289,0.0006,0.0034,-0.0353
2976986,550,23,38,0.5109,0.0005,0.0026,-0.0531
2976986,350,20,39,-0.1918,0.0017,0.0087,-0.0722
2976986,410,21,39,-0.5640,0.0011,0.0054,-0.0161
2976986,465,22,39,-0.6508,0.0011,0.0054,-0.0353
2976986,550,23,39,-0.7051,0.0017,0.0079,-0.0531
2976986,350,20,90,7.4261,0.0015,0.0066,-0.0722
2976986,410,21,90,6.6654,0.0010,0.0039,-0.0161
2976986,465,22,90,6.5161,0.0010,0.0043,-0.0353
2976986,550,23,90,6.5404,0.0017,0.0065,-0.0531
560666,510,30,0,6.7590,0.0008,0.0062,0.0166
560666,440,31,0,6.8455,0.0021,0.0443,0.0415
560666,550,32,0,6.7346,0.0052,0.0491,-0.0133
560666,360,1,1,-0.5852,0.0014,0.0086,0.0247
560666,440,2,1,-0.4682,0.0010,0.0113,0.0415
560666,550,3,1,-0.3579,0.0015,0.0076,-0.0133
560666,420,75,40,-0.3956,0.0014,0.0062,0.0290
560666,536,76,40,-0.3249,0.0011,0.0069,0.0157
560666,360,1,41,6.8528,0.0027,0.0095,0.0247
560666,440,2,41,6.8331,0.0002,0.0008,0.0415
560666,550,3,41,6.7471,0.0015,0.0042,-0.0133
1096072,510,30,0,5.7223,0.0005,0.0043,-0.0135
1096072,440,31,0,5.7076,0.0024,0.0263,-0.0201
1096072,550,32,0,5.7196,0.0025,0.0297,-0.0132
1096072,360,1,1,-1.4732,0.0017,0.0096,-0.0216
1096072,440,2,1,-1.3766,0.0023,0.0125,-0.0201
1096072,550,3,1,-0.9242,0.0019,0.0102,-0.0132
1096072,350,20,43,-0.6721,0.0008,0.0041,-0.0161
1096072,410,21,43,-0.8148,0.0008,0.0040,-0.0103
1096072,465,22,43,-0.8641,0.0007,0.0035,-0.0133
1096072,550,23,43,-0.8505,0.0010,0.0051,-0.0132
1096072,350,20,45,-0.9346,0.0016,0.0051,-0.0161
1096072,410,21,45,-0.9469,0.0026,0.0076,-0.0103
1096072,465,22,45,-0.9367,0.0011,0.0033,-0.0133
1096072,550,23,45,-0.9142,0.0018,0.0054,-0.0132
1096072,350,20,45,1.4994,0.0006,0.0062,-0.0161
1096072,410,21,45,1.4381,0.0004,0.0040,-0.0103
1096072,465,22,45,1.4895,0.0022,0.0225,-0.0133
1096072,550,23,45,1.4794,0.0005,0.0048,-0.0132
1096072,350,20,87,1.2817,0.0005,0.0039,-0.0161
1096072,410,21,87,1.3425,0.0007,0.0044,-0.0103
1096072,465,22,87,1.3918,0.0006,0.0038,-0.0133
1096072,550,23,87,1.4814,0.0007,0.0045,-0.0132
1096072,350,20,88,-0.6718,0.0017,0.0082,-0.0161
1096072,410,21,88,-0.8144,0.0019,0.0084,-0.0103
1096072,465,22,88,-0.8634,0.0016,0.0071,-0.0133
1096072,550,23,88,-0.8500,0.0017,0.0081,-0.0132
1096072,350,20,88,-0.6722,0.0022,0.0068,-0.0161
1096072,410,21,88,-0.8157,0.0020,0.0055,-0.0103
1096072,465,22,88,-0.8648,0.0025,0.0072,-0.0133
1096072,550,23,88,-0.8511,0.0017,0.0050,-0.0132
1096072,517,70,88,-0.9376,0.0017,0.0037,-0.0151
1096072,517,71,88,-0.8785,0.0013,0.0029,-0.0151
1096072,350,20,88,-0.6743,0.0015,0.0064,-0.0161
1096072,410,21,88,-0.8150,0.0018,0.0070,-0.0103
1096072,465,22,88,-0.8637,0.0016,0.0064,-0.0133
1096072,550,23,88,-0.8503,0.0011,0.0047,-0.0132
3032676,510,30,0,5.5182,0.0005,0.0053,-0.0029
3032676,440,31,0,5.3937,0.0020,0.0265,-0.0164
3032676,550,32,0,5.5294,0.0029,0.0361,-0.0139
3032676,465,22,100,0.0856,0.0010,0.0022,-0.0188
1113054,510,30,0,5.6102,0.0006,0.0053,-0.0137
1113054,440,31,0,5.5395,0.0026,0.0254,-0.0026
1113054,550,32,0,5.6201,0.0025,0.0287,-0.0124
1113054,350,20,45,1.2066,0.0006,0.0053,-0.0127
1113054,410,21,45,1.4626,0.0004,0.0030,-0.0181
1113054,465,22,45,1.4891,0.0005,0.0042,-0.0060
1113054,550,23,45,1.5482,0.0006,0.0054,-0.0124
1113054,350,20,45,-1.2304,0.0009,0.0047,-0.0127
1113054,410,21,45,-0.9167,0.0010,0.0049,-0.0181
1113054,465,22,45,-0.9123,0.0007,0.0033,-0.0060
1113054,550,23,45,-0.8308,0.0011,0.0053,-0.0124
576631,510,30,0,5.2542,0.0007,0.0063,-0.0072
576631,440,31,0,5.1298,0.0018,0.0206,0.0056
576631,550,32,0,5.2769,0.0032,0.0289,-0.0057
576631,350,20,32,-1.5104,0.0011,0.0081,-0.0162
576631,410,21,32,-0.8920,0.0008,0.0058,-0.0089
576631,465,22,32,-0.7658,0.0005,0.0036,-0.0091
576631,550,23,32,-0.6640,0.0009,0.0053,-0.0057
1634860,510,30,0,6.5821,0.0006,0.0076,0.0065
1634860,440,31,0,6.8003,0.0032,0.0344,0.0410
1634860,550,32,0,6.5405,0.0036,0.0402,0.0010
1634860,350,20,2,-0.0956,0.0007,0.0032,0.0092
1634860,410,21,2,0.0853,0.0032,0.0149,0.0098
1634860,465,22,2,-0.0471,0.0030,0.0144,0.0533
1634860,550,23,2,-0.1089,0.0007,0.0029,0.0010
1634860,350,20,27,-0.1036,0.0013,0.0045,0.0092
1634860,410,21,27,0.0895,0.0042,0.0161,0.0098
1634860,465,22,27,-0.0757,0.0082,0.0217,0.0533
1634860,550,23,27,-0.1100,0.0010,0.0026,0.0010
1634860,350,20,37,-0.0974,0.0003,0.0044,0.0092
1634860,410,21,37,-0.0634,0.0002,0.0032,0.0098
1634860,465,22,37,0.0924,0.0002,0.0035,0.0533
1634860,550,23,37,-0.1038,0.0003,0.0037,0.0010
1634860,440,41,46,5.8198,0.0007,0.0049,0.0410
1634860,550,42,46,6.5207,0.0005,0.0039,0.0010
3044458,510,30,0,6.2509,0.0006,0.0062,0.0062
3044458,440,31,0,6.5466,0.0025,0.0402,-0.0394
3044458,550,32,0,6.2551,0.0018,0.0478,0.0181
3044458,350,20,38,0.1096,0.0005,0.0030,-0.0393
3044458,410,21,38,-0.1920,0.0006,0.0030,-0.0498
3044458,465,22,38,-0.3724,0.0003,0.0018,-0.0030
3044458,550,23,38,-0.4701,0.0003,0.0026,0.0181
3044458,350,20,39,-0.2837,0.0026,0.0151,-0.0393
3044458,410,21,39,-0.3330,0.0023,0.0108,-0.0498
3044458,465,22,39,-0.3621,0.0011,0.0066,-0.0030
3044458,550,23,39,-0.3578,0.0004,0.0039,0.0181
3044458,350,20,48,-0.2656,0.0017,0.0075,-0.0393
3044458,410,21,48,-0.3210,0.0012,0.0041,-0.0498
3044458,465,22,48,-0.3644,0.0012,0.0055,-0.0030
3044458,550,23,48,-0.3596,0.0006,0.0045,0.0181
3044458,350,20,90,7.8847,0.0025,0.0123,-0.0393
3044458,410,21,90,6.7233,0.0016,0.0057,-0.0498
3044458,465,22,90,6.3353,0.0008,0.0041,-0.0030
3044458,550,23,90,6.1788,0.0007,0.0051,0.0181
1679453,510,30,0,7.9436,0.0011,0.0119,0.0130
1679453,440,31,0,8.1964,0.0093,0.0861,0.0941
1679453,550,32,0,7.8785,0.0064,0.0894,-0.0139
1679453,350,20,32,1.5217,0.0007,0.0057,0.0242
1679453,410,21,32,1.7511,0.0005,0.0053,0.1190
1679453,465,22,32,1.6616,0.0004,0.0040,0.0291
1679453,550,23,32,1.6449,0.0003,0.0035,-0.0139
1679453,360,40,49,8.5947,0.0025,0.0105,0.0358
1679453,440,41,49,7.2079,0.0013,0.0043,0.0941
1679453,550,42,49,7.8653,0.0014,0.0070,-0.0139
1679453,450,43,49,8.1863,0.0016,0.0064,0.1305
1679453,440,44,49,8.6107,0.0029,0.0093,0.0941
1679453,550,45,49,8.5784,0.0011,0.0054,-0.0139
1679453,581,46,49,8.9940,0.0003,0.0033,-0.0329
1717685,510,30,0,5.9213,0.0008,0.0056,-0.0228
1717685,440,31,0,5.8625,0.0034,0.0241,-0.0401
1717685,550,32,0,5.9246,0.0039,0.0387,-0.0189
1717685,350,20,30,0.6244,0.0006,0.0052,-0.0529
1717685,410,21,30,0.7519,0.0004,0.0037,-0.0224
1717685,465,22,30,0.7191,0.0003,0.0031,-0.0320
1717685,550,23,30,0.7794,0.0004,0.0037,-0.0189
1717685,350,20,50,6.9639,0.0022,0.0179,-0.0529
1717685,410,21,50,6.0101,0.0010,0.0095,-0.0224
1717685,465,22,50,5.8870,0.0007,0.0074,-0.0320
1717685,550,23,50,5.9770,0.0007,0.0067,-0.0189
1717685,350,20,51,7.0352,0.0036,0.0193,-0.0529
1717685,410,21,51,6.0385,0.0011,0.0061,-0.0224
1717685,465,22,51,5.8878,0.0010,0.0058,-0.0320
1717685,550,23,51,5.9684,0.0011,0.0056,-0.0189
1712363,510,30,0,6.0047,0.0007,0.0064,-0.0046
1712363,440,31,0,5.9627,0.0037,0.0313,0.0266
1712363,550,32,0,6.0035,0.0033,0.0338,-0.0024
1712363,350,20,52,-0.3224,0.0008,0.0086,-0.0229
1712363,410,21,52,-0.1999,0.0003,0.0028,-0.0055
1712363,465,22,52,-0.1973,0.0004,0.0035,-0.0039
1712363,550,23,52,-0.1504,0.0002,0.0023,-0.0024
1779210,510,30,0,6.0695,0.0005,0.0081,0.0000
1779210,440,31,0,6.0086,0.0019,0.0321,0.0000
1779210,550,32,0,6.0785,0.0022,0.0371,0.0000
1779210,350,20,92,7.0426,0.0030,0.0320,0.0000
1779210,410,21,92,6.1739,0.0010,0.0104,0.0000
1779210,465,22,92,6.0342,0.0008,0.0088,0.0000
1779210,550,23,92,6.1172,0.0006,0.0069,0.0000
1779210,350,20,93,7.0836,0.0020,0.0188,0.0000
1779210,410,21,93,6.2037,0.0012,0.0117,0.0000
1779210,465,22,93,6.0305,0.0009,0.0086,0.0000
1779210,550,23,93,6.1115,0.0008,0.0077,0.0000
1779210,350,20,97,7.0789,0.0019,0.0098,0.0000
1779210,410,21,97,6.1862,0.0018,0.0097,0.0000
1779210,465,22,97,6.0254,0.0014,0.0073,0.0000
1779210,550,23,97,6.1142,0.0015,0.0081,0.0000
1797581,510,30,0,5.1602,0.0003,0.0058,-0.0301
1797581,440,31,0,5.2134,0.0016,0.0278,-0.0205
1797581,550,32,0,5.1719,0.0019,0.0328,-0.0291
1797581,350,20,38,-0.3802,0.0040,0.0139,-0.0656
1797581,410,21,38,-0.3187,0.0013,0.0044,-0.0205
1797581,465,22,38,-0.3122,0.0020,0.0071,-0.0339
1797581,550,23,38,-0.2795,0.0016,0.0052,-0.0291
1797581,350,20,53,6.5790,0.0010,0.0086,-0.0656
1797581,410,21,53,5.3654,0.0009,0.0076,-0.0205
1797581,465,22,53,5.1681,0.0007,0.0060,-0.0339
1797581,550,23,53,5.1636,0.0006,0.0051,-0.0291
448360,510,30,0,6.1362,0.0005,0.0071,-0.0136
448360,440,31,0,6.3302,0.0022,0.0380,0.0172
448360,550,32,0,6.0970,0.0017,0.0311,-0.0141
448360,350,20,52,-0.2606,0.0006,0.0067,0.0109
448360,410,21,52,-0.3072,0.0006,0.0057,-0.0131
448360,465,22,52,-0.2375,0.0007,0.0072,0.0064
448360,550,23,52,-0.3529,0.0004,0.0057,-0.0141
1811341,510,30,0,6.1730,0.0006,0.0057,-0.0061
1811341,440,31,0,6.3846,0.0037,0.0432,-0.0272
1811341,550,32,0,6.1333,0.0033,0.0383,0.0023
1811341,2200,7,8,0.3071,0.0025,0.0138,0.0101
1811341,2200,8,8,0.4091,0.0017,0.0093,0.0101
1811341,2200,9,8,0.4256,0.0017,0.0094,0.0101
1811341,350,20,48,0.0197,0.0062,0.0161,-0.0094
1811341,410,21,48,-0.0540,0.0020,0.0076,-0.0510
1811341,465,22,48,-0.0559,0.0012,0.0086,-0.0262
1811341,550,23,48,0.0206,0.0049,0.0116,0.0023
1811341,360,1,54,-0.9947,0.0009,0.0058,-0.0114
1811341,440,2,54,-1.1038,0.0005,0.0040,-0.0272
1811341,550,3,54,-0.7410,0.0005,0.0033,0.0023
1811341,350,20,54,-0.9294,0.0023,0.0066,-0.0094
1811341,410,21,54,-1.1829,0.0006,0.0019,-0.0510
1811341,465,22,54,-0.9724,0.0005,0.0010,-0.0262
1811341,550,23,54,-0.6885,0.0020,0.0056,0.0023
1811341,350,20,54,-0.7525,0.0020,0.0046,-0.0094
1811341,410,21,54,-0.6621,0.0015,0.0095,-0.0510
1811341,550,23,54,-0.8099,0.0014,0.0035,0.0023
1811341,517,70,54,-0.7771,0.0108,0.0124,-0.0133
1811341,517,71,54,-0.7492,0.0073,0.0079,-0.0133
1875429,510,30,0,4.2503,0.0003,0.0035,-0.0331
1875429,440,31,0,4.1802,0.0029,0.0318,-0.0454
1875429,550,32,0,4.2776,0.0039,0.0354,-0.0304
1875429,350,20,92,5.1258,0.0013,0.0119,-0.0716
1875429,410,21,92,4.3325,0.0012,0.0104,-0.0364
1875429,465,22,92,4.2326,0.0008,0.0072,-0.0392
1875429,550,23,92,4.2855,0.0007,0.0059,-0.0304
1875429,350,20,93,5.1722,0.0040,0.0155,-0.0716
1875429,410,21,93,4.3197,0.0072,0.0284,-0.0364
1875429,465,22,93,4.2307,0.0033,0.0115,-0.0392
1875429,550,23,93,4.2829,0.0018,0.0069,-0.0304
1992754,510,30,0,6.3072,0.0009,0.0071,-0.0274
1992754,440,31,0,6.2767,0.0032,0.0338,-0.0380
1992754,550,32,0,6.3017,0.0042,0.0401,-0.0158
1992754,350,20,22,-0.1763,0.0004,0.0034,-0.0271
1992754,410,21,22,-0.0404,0.0004,0.0036,-0.0306
1992754,465,22,22,-0.0693,0.0005,0.0043,-0.0462
1992754,550,23,22,-0.0033,0.0006,0.0051,-0.0158
1992754,360,40,22,6.7319,0.0006,0.0077,-0.0362
1992754,440,41,22,5.2956,0.0003,0.0044,-0.0380
1992754,550,42,22,6.3155,0.0004,0.0058,-0.0158
1992754,450,43,22,6.1642,0.0025,0.0124,-0.0370
1992754,440,44,22,6.8043,0.0016,0.0097,-0.0380
1992754,550,45,22,7.0215,0.0018,0.0096,-0.0158
1992754,581,46,22,7.4714,0.0020,0.0113,-0.0332
1992754,350,20,95,-0.1918,0.0009,0.0055,-0.0271
1992754,410,21,95,-0.0499,0.0008,0.0043,-0.0306
1992754,465,22,95,-0.0648,0.0006,0.0035,-0.0462
1992754,550,23,95,-0.0117,0.0007,0.0037,-0.0158
3339856,510,30,0,6.0223,0.0006,0.0060,-0.0230
3339856,440,31,0,5.9366,0.0023,0.0300,0.0490
3339856,550,32,0,6.0269,0.0024,0.0350,-0.0300
3339856,350,20,90,6.7991,0.0005,0.0050,-0.0700
3339856,410,21,90,6.1143,0.0004,0.0040,0.0510
3339856,465,22,90,6.0090,0.0003,0.0040,-0.0220
3339856,550,23,90,6.0608,0.0004,0.0040,-0.0300
2102052,510,30,0,7.8609,0.0009,0.0120,0.0000
2102052,440,31,0,8.0948,0.0051,0.0770,0.0240
2102052,550,32,0,7.8021,0.0053,0.0820,-0.0090
2102052,350,20,17,0.6687,0.0005,0.0050,0.0170
2102052,410,21,17,0.7537,0.0005,0.0060,0.0240
2102052,465,22,17,0.7282,0.0006,0.0060,-0.0020
2102052,550,23,17,0.7040,0.0004,0.0050,-0.0090
3316721,510,30,0,5.6557,0.0004,0.0055,-0.0213
3316721,440,31,0,5.6310,0.0035,0.0273,-0.0409
3316721,550,32,0,5.6556,0.0026,0.0264,-0.0332
3316721,350,20,92,6.8140,0.0032,0.0207,0.0285
3316721,410,21,92,5.7995,0.0016,0.0092,-0.0265
3316721,465,22,92,5.6354,0.0016,0.0086,-0.0377
3316721,550,23,92,5.6646,0.0019,0.0133,-0.0332
3316721,350,20,93,6.8413,0.0040,0.0244,0.0285
3316721,410,21,93,5.8195,0.0022,0.0123,-0.0265
3316721,465,22,93,5.6429,0.0024,0.0121,-0.0377
3316721,550,23,93,5.6754,0.0022,0.0133,-0.0332
3316721,350,20,97,6.8334,0.0039,0.0133,0.0285
3316721,410,21,97,5.8162,0.0018,0.0050,-0.0265
3316721,465,22,97,5.6411,0.0017,0.0048,-0.0377
3316721,550,23,97,5.6754,0.0012,0.0040,-0.0332
500796,510,30,0,6.3239,0.0007,0.0065,0.0211
500796,440,31,0,6.4240,0.0022,0.0372,0.0621
500796,550,32,0,6.2956,0.0018,0.0387,-0.0056
500796,350,50,24,-0.2467,0.0016,0.0092,0.0226
500796,360,51,24,-0.1881,0.0014,0.0081,0.0513
500796,410,52,24,-0.1235,0.0010,0.0050,0.0886
500796,465,53,24,-0.1631,0.0004,0.0038,0.0363
500796,510,54,24,-0.1570,0.0018,0.0103,0.0211
500796,550,55,24,-0.1574,0.0006,0.0055,-0.0056
500796,635,56,24,-0.1671,0.0011,0.0060,-0.0105
500796,635,57,24,-0.1590,0.0015,0.0079,-0.0105
500796,740,58,24,-0.1410,0.0008,0.0052,-0.0207
500796,740,59,24,-0.1276,0.0012,0.0080,-0.0207
500796,350,20,55,-0.2437,0.0010,0.0049,0.0226
500796,410,21,55,-0.1209,0.0015,0.0070,0.0886
500796,465,22,55,-0.1659,0.0003,0.0020,0.0363
500796,550,23,55,-0.1659,0.0003,0.0022,-0.0056
500796,360,1,57,6.4173,0.0042,0.0137,0.0513
500796,440,2,57,6.4011,0.0017,0.0071,0.0621
500796,550,3,57,6.2940,0.0005,0.0024,-0.0056
500796,360,1,58,0.8891,0.0016,0.0074,0.0513
500796,440,2,58,0.8123,0.0008,0.0046,0.0621
500796,550,3,58,0.6842,0.0005,0.0038,-0.0056
500796,360,1,59,6.4162,0.0018,0.0083,0.0513
500796,440,2,59,6.3959,0.0010,0.0063,0.0621
500796,550,3,59,6.2880,0.0007,0.0054,-0.0056
500796,360,1,60,6.4151,0.0006,0.0078,0.0513
500796,440,2,60,6.3888,0.0003,0.0049,0.0621
500796,550,3,60,6.2834,0.0003,0.0062,-0.0056
500796,350,20,61,6.2439,0.0017,0.0092,0.0226
500796,410,21,61,6.2851,0.0038,0.0184,0.0886
500796,465,22,61,6.5595,0.0024,0.0219,0.0363
500796,550,23,61,7.6725,0.0017,0.0150,-0.0056
500796,486,26,61,2.8844,0.0035,0.0146,-0.0302
500796,360,1,83,-0.4953,0.0022,0.0114,0.0513
500796,440,2,83,-0.5548,0.0018,0.0134,0.0621
500796,550,3,83,-0.1835,0.0007,0.0065,-0.0056
500796,790,4,84,-0.1631,0.0006,0.0043,-0.0169
500796,410,21,84,-0.1235,0.0010,0.0064,0.0886
529163,510,30,0,5.6768,0.0007,0.0060,0.0150
529163,440,31,0,5.6309,0.0022,0.0260,0.0220
529163,550,32,0,5.6778,0.0024,0.0270,0.0110
529163,350,20,62,-0.1601,0.0003,0.0030,0.0260
529163,410,21,62,-0.0191,0.0004,0.0030,0.0130
529163,465,22,62,-0.0441,0.0003,0.0020,0.0190
529163,550,23,62,0.0022,0.0004,0.0030,0.0110
11584640,510,30,0,5.8724,0.0004,0.0033,-0.0291
11584640,440,31,0,5.8785,0.0027,0.0284,-0.0846
11584640,550,32,0,5.8586,0.0027,0.0311,0.0237
11584640,350,20,43,0.0667,0.0016,0.0074,-0.0842
11584640,410,21,43,0.0733,0.0017,0.0063,-0.1221
11584640,465,22,43,0.0420,0.0006,0.0052,-0.0258
11584640,550,23,43,0.0549,0.0035,0.0140,0.0237
11584640,350,20,61,7.1316,0.0023,0.0099,-0.0842
11584640,410,21,61,6.0244,0.0039,0.0139,-0.1221
11584640,465,22,61,5.8343,0.0009,0.0080,-0.0258
11584640,550,23,61,5.8697,0.0048,0.0185,0.0237
11584640,450,77,63,0.3447,0.0005,0.0023,-0.0533
11584640,360,1,64,0.3331,0.0007,0.0032,-0.1031
11584640,440,2,64,0.3473,0.0006,0.0028,-0.0846
11584640,550,3,64,0.3349,0.0005,0.0025,0.0237
11584640,360,1,66,0.3355,0.0005,0.0031,-0.1031
11584640,440,2,66,0.3482,0.0005,0.0033,-0.0846
11584640,550,3,66,0.3368,0.0004,0.0027,0.0237
11584640,350,20,66,0.3289,0.0007,0.0040,-0.0842
11584640,410,21,66,0.3788,0.0009,0.0037,-0.1221
11584640,465,22,66,0.3111,0.0003,0.0033,-0.0258
11584640,550,23,66,0.3406,0.0023,0.0141,0.0237
11584640,517,70,66,0.3206,0.0027,0.0143,0.0224
11584640,517,71,66,0.3713,0.0008,0.0041,0.0224
11584640,350,20,67,0.3155,0.0021,0.0074,-0.0842
11584640,410,21,67,0.3791,0.0060,0.0187,-0.1221
11584640,465,22,67,0.3035,0.0001,0.0007,-0.0258
11584640,550,23,67,0.3347,0.0065,0.0204,0.0237
3363292,510,30,0,6.8229,0.0017,0.0240,-0.0450
3363292,440,31,0,6.9155,0.0030,0.0480,0.0810
3363292,550,32,0,6.7793,0.0021,0.0600,-0.1280
3363292,350,20,4,8.0739,0.0241,0.0520,-0.0500
3363292,410,21,4,7.1404,0.0680,0.1350,0.1400
3363292,465,22,4,6.7986,0.0100,0.0240,-0.0520
3363292,550,23,4,6.7467,0.0202,0.0910,-0.1280
3363292,350,20,53,8.0746,0.0014,0.0110,-0.0500
3363292,410,21,53,7.1123,0.0013,0.0100,0.1400
3363292,465,22,53,6.8282,0.0009,0.0080,-0.0520
3363292,550,23,53,6.7934,0.0004,0.0060,-0.1280
2256037,510,30,0,7.1032,0.0008,0.0080,0.0580
2256037,440,31,0,7.1213,0.0051,0.0500,0.0590
2256037,550,32,0,7.0925,0.0070,0.0620,0.0520
2256037,360,1,1,0.8585,0.0015,0.0090,-0.0320
2256037,440,2,1,0.9888,0.0021,0.0110,0.0590
2256037,550,3,1,1.1253,0.0034,0.0150,0.0520
2256037,350,20,22,0.7036,0.0004,0.0050,-0.0430
2256037,410,21,22,0.8082,0.0004,0.0040,0.0620
2256037,465,22,22,0.8861,0.0006,0.0060,0.0840
2256037,550,23,22,1.0246,0.0006,0.0060,0.0520
2256037,360,40,22,7.5397,0.0012,0.0080,-0.0320
2256037,440,41,22,6.1442,0.0011,0.0070,0.0590
2256037,550,42,22,7.0974,0.0011,0.0060,0.0520
2256037,402,43,22,7.0364,0.0009,0.0060,0.0580
2256037,448,44,22,7.6257,0.0011,0.0080,0.0640
2256037,540,45,22,7.8028,0.0020,0.0120,0.0510
2256037,581,46,22,8.2541,0.0016,0.0110,0.0710
515847,510,30,0,6.3243,0.0006,0.0080,0.0160
515847,440,31,0,6.2250,0.0024,0.0320,0.0140
515847,550,32,0,6.3367,0.0025,0.0400,0.0120
515847,350,20,45,-2.0151,0.0005,0.0070,0.0130
515847,410,21,45,-1.6967,0.0003,0.0040,0.0230
515847,465,22,45,-1.7354,0.0004,0.0040,0.0200
515847,550,23,45,-1.6059,0.0004,0.0050,0.0120
2543469,510,30,0,7.5679,0.0012,0.0101,0.0000
2543469,440,31,0,7.9119,0.0083,0.0830,0.0000
2543469,550,32,0,7.5036,0.0077,0.0775,0.0000
2543469,350,20,20,1.2397,0.0005,0.0050,0.0000
2543469,410,21,20,1.3613,0.0006,0.0061,0.0000
2543469,465,22,20,1.0376,0.0005,0.0054,0.0000
2543469,550,23,20,0.8668,0.0004,0.0042,0.0000
2855814,510,30,0,3.7372,0.0002,0.0050,0.0110
2855814,440,31,0,4.0287,0.0010,0.0180,0.0320
2855814,550,32,0,3.6973,0.0009,0.0170,0.0170
2855814,350,20,61,5.3362,0.0029,0.0080,0.0090
2855814,410,21,61,4.1567,0.0053,0.0110,0.0550
2855814,465,22,61,3.7784,0.0005,0.0020,0.0240
2855814,550,23,61,3.6299,0.0012,0.0060,0.0170
2855814,486,26,61,2.8492,0.0026,0.0090,-0.0140
2855814,440,2,68,-2.6563,0.0006,0.0020,0.0320
2855814,550,3,68,-1.8338,0.0029,0.0100,0.0170
2855814,360,1,69,0.2461,0.0015,0.0080,0.0260
2855814,440,2,69,0.1259,0.0008,0.0050,0.0320
2855814,550,3,69,-0.1469,0.0005,0.0030,0.0170
2634359,510,30,0,8.0223,0.0014,0.0110,0.0040
2634359,440,31,0,8.1984,0.0079,0.0780,-0.0120
2634359,550,32,0,7.9827,0.0090,0.0990,-0.0060
2634359,350,20,70,0.4476,0.0007,0.0060,-0.0120
2634359,410,21,70,0.5006,0.0006,0.0060,-0.0150
2634359,465,22,70,0.4717,0.0008,0.0090,-0.0070
2634359,550,23,70,0.4846,0.0008,0.0080,-0.0060
2400277,510,30,0,5.4017,0.0004,0.0037,0.0402
2400277,440,31,0,5.3074,0.0022,0.0232,0.0364
2400277,550,32,0,5.4136,0.0023,0.0241,0.0452
2312837,510,30,0,6.6252,0.0008,0.0087,-0.0005
2312837,440,31,0,6.5421,0.0030,0.0362,-0.0118
2312837,550,32,0,6.6259,0.0026,0.0489,-0.0051
2312837,350,20,92,7.3231,0.0008,0.0132,-0.0093
2312837,410,21,92,6.7199,0.0008,0.0119,-0.0090
2312837,465,22,92,6.6357,0.0006,0.0108,-0.0091
2312837,550,23,92,6.6569,0.0007,0.0112,-0.0051
2312837,350,20,93,7.3453,0.0016,0.0230,-0.0093
2312837,410,21,93,6.7292,0.0011,0.0145,-0.0090
2312837,465,22,93,6.6380,0.0008,0.0123,-0.0091
2312837,550,23,93,6.6603,0.0009,0.0107,-0.0051
2312837,350,20,97,7.3550,0.0024,0.0168,-0.0093
2312837,410,21,97,6.7378,0.0023,0.0158,-0.0090
2312837,465,22,97,6.6396,0.0020,0.0151,-0.0091
2312837,550,23,97,6.6627,0.0025,0.0169,-0.0051
2729819,510,30,0,6.5092,0.0006,0.0060,-0.0250
2729819,440,31,0,6.4801,0.0028,0.0370,-0.0200
2729819,550,32,0,6.4985,0.0029,0.0410,-0.0200
2729819,350,20,52,0.4596,0.0004,0.0040,-0.0530
2729819,410,21,52,0.5720,0.0003,0.0030,-0.0270
2729819,465,22,52,0.5468,0.0006,0.0060,-0.0150
2729819,550,23,52,0.6085,0.0003,0.0020,-0.0200
2531914,510,30,0,6.4828,0.0006,0.0050,0.0450
2531914,440,31,0,6.4905,0.0033,0.0390,0.0510
2531914,550,32,0,6.4829,0.0035,0.0410,0.0440
2531914,350,20,92,7.4815,0.0012,0.0090,0.0790
2531914,410,21,92,6.6703,0.0006,0.0050,0.0510
2531914,465,22,92,6.5321,0.0007,0.0060,0.0520
2531914,550,23,92,6.4803,0.0010,0.0080,0.0440
2531914,350,20,93,7.4620,0.0053,0.0190,0.0790
2531914,410,21,93,6.6605,0.0041,0.0170,0.0510
2531914,465,22,93,6.5162,0.0043,0.0180,0.0520
2531914,550,23,93,6.4744,0.0048,0.0180,0.0440
322510,510,30,0,6.4700,0.0007,0.0090,0.0000
322510,440,31,0,6.4027,0.0028,0.0350,0.0100
322510,550,32,0,6.4770,0.0033,0.0450,0.0040
322510,350,20,52,-0.4849,0.0007,0.0060,0.0410
322510,410,21,52,-0.0803,0.0005,0.0050,0.0050
322510,465,22,52,-0.1803,0.0006,0.0060,0.0040
322510,550,23,52,0.0330,0.0005,0.0050,0.0040
2351555,510,30,0,5.2962,0.0005,0.0040,-0.0110
2351555,440,31,0,5.1835,0.0032,0.0250,-0.0070
2351555,550,32,0,5.3202,0.0022,0.0290,-0.0120
2351555,350,20,92,5.9229,0.0016,0.0120,-0.0220
2351555,410,21,92,5.3449,0.0006,0.0050,-0.0080
2351555,465,22,92,5.2879,0.0010,0.0070,-0.0110
2351555,550,23,92,5.3420,0.0005,0.0040,-0.0120
2351555,350,20,93,5.9510,0.0051,0.0190,-0.0220
2351555,410,21,93,5.3496,0.0046,0.0210,-0.0080
2351555,465,22,93,5.2869,0.0056,0.0190,-0.0110
2351555,550,23,93,5.3445,0.0039,0.0180,-0.0120
2671296,510,30,0,6.4117,0.0006,0.0061,-0.0139
2671296,440,31,0,6.4003,0.0021,0.0386,-0.0261
2671296,350,20,33,-0.3765,0.0002,0.0040,-0.0237
2671296,410,21,33,-0.3476,0.0002,0.0042,-0.0137
2671296,465,22,33,-0.3808,0.0003,0.0046,-0.0143
2671296,550,23,33,-0.3095,0.0003,0.0048,-0.0127
2686149,510,30,0,6.4186,0.0006,0.0060,0.0350
2686149,440,31,0,6.3703,0.0029,0.0300,0.0480
2686149,550,32,0,6.4171,0.0038,0.0400,0.0320
2686149,350,20,70,-0.2941,0.0004,0.0030,0.0690
2686149,410,21,70,-0.1833,0.0004,0.0040,0.0420
2686149,465,22,70,-0.1721,0.0004,0.0030,0.0410
2686149,550,23,70,-0.1567,0.0003,0.0030,0.0320
2671669,510,30,0,7.8571,0.0013,0.0120,0.0520
2671669,440,31,0,7.8645,0.0067,0.0890,0.0210
2671669,550,32,0,7.8451,0.0086,0.1110,0.0600
2671669,350,20,31,-0.0983,0.0012,0.0100,0.0940
2671669,410,21,31,-0.2363,0.0009,0.0070,0.0430
2671669,465,22,31,-0.2774,0.0010,0.0060,0.0650
2671669,550,23,31,-0.2795,0.0014,0.0120,0.0600
299644,510,30,0,6.4578,0.0005,0.0060,-0.0260
299644,440,31,0,6.3189,0.0029,0.0350,-0.0330
299644,550,32,0,6.4808,0.0039,0.0490,-0.0230
299644,350,20,30,-0.6133,0.0004,0.0050,-0.0480
299644,410,21,30,0.0661,0.0003,0.0040,-0.0340
299644,465,22,30,0.1730,0.0003,0.0030,-0.0320
299644,550,23,30,0.2516,0.0003,0.0030,-0.0230
2844419,510,30,0,5.9177,0.0006,0.0063,-0.0218
2844419,440,31,0,5.8527,0.0022,0.0283,-0.0193
2844419,550,32,0,5.9253,0.0026,0.0346,-0.0154
2844419,350,20,102,0.9505,0.0006,0.0065,-0.0318
2844419,410,21,102,1.4986,0.0004,0.0050,-0.0197
2844419,465,22,102,1.5444,0.0005,0.0047,-0.0198
2844419,550,23,102,1.6385,0.0005,0.0052,-0.0154
194506,510,30,0,6.6281,0.0005,0.0050,-0.0370
194506,440,31,0,6.5960,0.0034,0.0400,-0.0230
194506,550,32,0,6.6239,0.0039,0.0510,-0.0410
194506,350,50,24,-0.3240,0.0014,0.0090,-0.0830
194506,360,51,24,-0.2238,0.0009,0.0060,-0.0530
194506,410,52,24,-0.0667,0.0010,0.0050,-0.0170
194506,465,53,24,-0.0637,0.0007,0.0040,-0.0370
194506,510,54,24,-0.0405,0.0009,0.0060,-0.0370
194506,550,55,24,-0.0502,0.0011,0.0070,-0.0410
194506,635,56,24,-0.0654,0.0006,0.0040,-0.0460
194506,635,57,24,-0.0683,0.0016,0.0110,-0.0460
194506,740,58,24,-0.0546,0.0007,0.0050,-0.0450
194506,740,59,24,-0.0493,0.0012,0.0090,-0.0450
194506,360,1,68,0.9271,0.0021,0.0070,-0.0530
194506,440,2,68,1.1998,0.0021,0.0080,-0.0230
194506,550,3,68,1.2938,0.0011,0.0040,-0.0410
194506,360,1,74,-0.2507,0.0027,0.0120,-0.0530
194506,440,2,74,-0.0795,0.0021,0.0080,-0.0230
194506,550,3,74,-0.0464,0.0011,0.0070,-0.0410
194506,350,20,75,-0.1611,0.0010,0.0060,-0.0830
194506,410,21,75,0.1478,0.0005,0.0030,-0.0170
194506,465,22,75,0.2908,0.0005,0.0030,-0.0370
194506,550,23,75,0.4067,0.0008,0.0040,-0.0410
194506,350,20,76,-1.7299,0.0007,0.0060,-0.0830
194506,410,21,76,-1.2059,0.0006,0.0050,-0.0170
194506,465,22,76,-1.1594,0.0004,0.0040,-0.0370
194506,550,23,76,-1.1028,0.0005,0.0050,-0.0410
2323074,510,30,0,5.2882,0.0011,0.0048,-0.0619
2323074,440,31,0,5.2567,0.0066,0.0222,-0.0277
2323074,550,32,0,5.2980,0.0019,0.0283,-0.0553
2323074,350,20,92,6.4061,0.0037,0.0436,-0.0269
2323074,410,21,92,5.4240,0.0008,0.0087,-0.0270
2323074,465,22,92,5.2665,0.0006,0.0055,-0.0624
2323074,550,23,92,5.3338,0.0008,0.0086,-0.0553
2323074,350,20,93,6.4572,0.0014,0.0184,-0.0269
2323074,410,21,93,5.4383,0.0008,0.0107,-0.0270
2323074,465,22,93,5.2704,0.0009,0.0110,-0.0624
2323074,550,23,93,5.3309,0.0006,0.0083,-0.0553
2323074,350,20,97,6.4513,0.0020,0.0081,-0.0269
2323074,410,21,97,5.4315,0.0013,0.0082,-0.0270
2323074,465,22,97,5.2572,0.0009,0.0051,-0.0624
2323074,550,23,97,5.3282,0.0008,0.0041,-0.0553
2630671,510,30,0,5.6989,0.0010,0.0060,0.0000
2630671,440,31,0,5.8965,0.0037,0.0290,0.0520
2630671,550,32,0,5.6536,0.0035,0.0300,-0.0100
2630671,350,20,13,7.1822,0.0012,0.0090,0.0100
2630671,410,21,13,6.0932,0.0009,0.0070,0.0900
2630671,465,22,13,5.7067,0.0008,0.0060,-0.0030
2630671,550,23,13,5.6563,0.0007,0.0050,-0.0100
2630671,350,20,14,7.1865,0.0016,0.0110,0.0100
2630671,410,21,14,6.0973,0.0011,0.0070,0.0900
2630671,465,22,14,5.7112,0.0012,0.0090,-0.0030
2630671,550,23,14,5.6597,0.0012,0.0080,-0.0100
2630671,350,50,24,-1.0084,0.0013,0.0080,0.0100
2630671,360,51,24,-0.9491,0.0013,0.0070,0.0570
2630671,410,52,24,-0.8762,0.0012,0.0080,0.0900
2630671,465,53,24,-1.0341,0.0010,0.0070,-0.0030
2630671,510,54,24,-1.0434,0.0016,0.0090,0.0000
2630671,550,55,24,-1.0531,0.0011,0.0070,-0.0100
2630671,635,56,24,-1.1197,0.0008,0.0050,-0.0250
2630671,635,57,24,-1.1235,0.0014,0.0090,-0.0250
2630671,740,58,24,-1.1115,0.0010,0.0060,-0.0280
2630671,740,59,24,-1.1113,0.0011,0.0070,-0.0280
2630671,350,20,50,7.1776,0.0051,0.0510,0.0100
2630671,410,21,50,6.0799,0.0026,0.0250,0.0900
2630671,465,22,50,5.7114,0.0009,0.0090,-0.0030
2630671,550,23,50,5.6585,0.0008,0.0080,-0.0100
2630671,350,20,51,7.1952,0.0022,0.0240,0.0100
2630671,410,21,51,6.0954,0.0011,0.0110,0.0900
2630671,465,22,51,5.7060,0.0008,0.0090,-0.0030
2630671,550,23,51,5.6554,0.0009,0.0090,-0.0100
2630671,540,60,77,0.4265,0.0003,0.0010,0.0010
2630671,430,61,77,0.3753,0.0006,0.0020,-0.0220
2630671,382,62,77,0.3527,0.0005,0.0020,-0.0380
2630671,362,63,77,0.4075,0.0004,0.0020,-0.0030
2630671,350,20,78,7.2136,0.0011,0.0060,0.0100
2630671,410,21,78,6.0834,0.0007,0.0040,0.0900
2630671,465,22,78,5.6879,0.0004,0.0030,-0.0030
2630671,550,23,78,5.6375,0.0008,0.0050,-0.0100
2323323,510,30,0,6.9873,0.0007,0.0071,-0.0011
2323323,440,31,0,7.2214,0.0055,0.0569,-0.0498
2323323,550,32,0,6.9355,0.0051,0.0491,0.0016
2323323,350,20,92,8.6852,0.0013,0.0114,-0.0081
2323323,410,21,92,7.4004,0.0015,0.0122,-0.0243
2323323,465,22,92,7.0633,0.0009,0.0090,-0.0056
2323323,550,23,92,6.9211,0.0013,0.0115,0.0016
2323323,350,20,93,8.6666,0.0015,0.0094,-0.0081
2323323,410,21,93,7.4164,0.0014,0.0072,-0.0243
2323323,465,22,93,7.0628,0.0009,0.0061,-0.0056
2323323,550,23,93,6.9293,0.0012,0.0071,0.0016
216432,510,30,0,7.3409,0.0008,0.0081,-0.0019
216432,440,31,0,7.3508,0.0043,0.0524,-0.0006
216432,550,32,0,7.3414,0.0049,0.0672,0.0008
216432,350,20,102,0.8015,0.0003,0.0025,0.0098
216432,410,21,102,0.8832,0.0004,0.0035,0.0020
216432,465,22,102,0.7957,0.0005,0.0038,0.0044
216432,550,23,102,0.8805,0.0004,0.0033,0.0008
2851647,510,30,0,6.6295,0.0005,0.0080,-0.0530
2851647,440,31,0,6.5676,0.0023,0.0400,-0.0400
2851647,550,32,0,6.6301,0.0030,0.0510,-0.0570
2851647,350,20,16,-1.8905,0.0008,0.0080,-0.0730
2851647,410,21,16,-1.4399,0.0006,0.0050,-0.0410
2851647,465,22,16,-1.3339,0.0006,0.0050,-0.0580
2851647,550,23,16,-1.2615,0.0011,0.0090,-0.0570
2851647,350,20,86,-0.5230,0.0014,0.0110,-0.0730
2851647,410,21,86,-0.1369,0.0014,0.0100,-0.0410
2851647,465,22,86,-0.0957,0.0010,0.0060,-0.0580
2851647,550,23,86,-0.0492,0.0018,0.0100,-0.0570
115626,510,30,0,6.4532,0.0008,0.0080,-0.0590
115626,440,31,0,6.3672,0.0029,0.0340,-0.0700
115626,550,32,0,6.4657,0.0035,0.0430,-0.0590
115626,350,20,79,-1.6841,0.0006,0.0080,-0.1140
115626,410,21,79,-0.9743,0.0003,0.0050,-0.0610
115626,465,22,79,-0.8341,0.0003,0.0040,-0.0620
115626,550,23,79,-0.7444,0.0003,0.0040,-0.0590
31219,510,30,0,6.0284,0.0004,0.0060,0.0200
31219,440,31,0,5.9436,0.0039,0.0610,0.0120
31219,550,32,0,6.0902,0.0045,0.0640,0.0150
31219,350,20,31,0.2103,0.0004,0.0040,0.0310
31219,410,21,31,0.3693,0.0005,0.0050,0.0190
31219,465,22,31,0.3798,0.0004,0.0040,0.0180
31219,550,23,31,0.3966,0.0004,0.0040,0.0150
32337,510,30,0,7.6705,0.0013,0.0120,0.0240
32337,440,31,0,7.5599,0.0053,0.0650,0.0410
32337,550,32,0,7.6837,0.0062,0.0800,0.0200
32337,350,20,30,0.8919,0.0003,0.0040,0.0310
32337,410,21,30,1.2144,0.0003,0.0040,0.0230
32337,465,22,30,1.2009,0.0002,0.0040,0.0260
32337,550,23,30,1.2357,0.0003,0.0040,0.0200
1427458,510,30,0,4.7810,0.0005,0.0047,0.0000
1427458,440,31,0,5.0599,0.0031,0.0274,0.0000
1427458,550,32,0,4.7400,0.0027,0.0239,0.0000
1427458,350,20,92,6.3714,0.0025,0.0205,0.0000
1427458,410,21,92,5.2440,0.0016,0.0128,0.0000
1427458,465,22,92,4.8596,0.0011,0.0088,0.0000
1427458,550,23,92,4.7139,0.0008,0.0063,0.0000
1427458,350,20,93,6.3614,0.0012,0.0135,0.0000
1427458,410,21,93,5.2544,0.0012,0.0132,0.0000
1427458,465,22,93,4.8510,0.0012,0.0130,0.0000
1427458,550,23,93,4.7057,0.0011,0.0117,0.0000
1427458,350,20,97,6.3661,0.0019,0.0120,0.0000
1427458,410,21,97,5.2605,0.0016,0.0098,0.0000
1427458,465,22,97,4.8557,0.0012,0.0075,0.0000
1427458,550,23,97,4.7128,0.0007,0.0043,0.0000
3486687,510,30,0,4.8276,0.0003,0.0040,-0.0180
3486687,440,31,0,4.8664,0.0015,0.0200,-0.0190
3486687,550,32,0,4.8149,0.0016,0.0230,-0.0170
3486687,350,20,75,-0.7908,0.0006,0.0050,-0.0310
3486687,410,21,75,-0.9545,0.0017,0.0080,-0.0150
3486687,465,22,75,-0.7259,0.0005,0.0040,-0.0310
3486687,550,23,75,-0.4424,0.0009,0.0060,-0.0170
3486687,540,60,81,0.8131,0.0004,0.0020,-0.0050
3486687,430,61,81,0.7999,0.0008,0.0040,-0.0090
3486687,382,62,81,0.6546,0.0011,0.0060,-0.0110
3486687,362,63,81,0.4360,0.0009,0.0040,-0.0120
3486687,325,64,81,0.3333,0.0013,0.0050,-0.0120
63845,510,30,0,5.3322,0.0004,0.0047,0.0000
63845,440,31,0,5.4176,0.0021,0.0268,0.0000
63845,550,32,0,5.3069,0.0021,0.0271,0.0000
63845,350,20,76,0.0268,0.0005,0.0044,0.0000
63845,410,21,76,-0.2967,0.0005,0.0038,0.0000
63845,465,22,76,-0.4046,0.0004,0.0031,0.0000
63845,550,23,76,-0.4637,0.0004,0.0035,0.0000
63845,350,20,82,0.0320,0.0003,0.0031,0.0000
63845,410,21,82,-0.2997,0.0003,0.0032,0.0000
63845,465,22,82,-0.4173,0.0002,0.0022,0.0000
63845,550,23,82,-0.4720,0.0002,0.0021,0.0000
63845,350,20,102,0.0315,0.0004,0.0040,0.0000
63845,410,21,102,-0.2976,0.0004,0.0039,0.0000
63845,465,22,102,-0.4121,0.0003,0.0034,0.0000
63845,550,23,102,-0.4676,0.0003,0.0034,0.0000
1497887,510,30,0,6.6715,0.0005,0.0063,0.0000
1497887,440,31,0,6.5992,0.0030,0.0413,0.0000
1497887,550,32,0,6.6756,0.0033,0.0451,0.0000
1497887,350,20,16,-0.5896,0.0011,0.0069,0.0000
1497887,410,21,16,-0.5124,0.0008,0.0048,0.0000
1497887,465,22,16,-0.1442,0.0005,0.0033,0.0000
1497887,550,23,16,0.2334,0.0006,0.0040,0.0000
1272517,510,30,0,4.4581,0.0039,0.0404,0.0696
1272517,440,31,0,4.2890,0.0045,0.0502,0.0989
1272517,550,32,0,4.4949,0.0046,0.0448,0.0403
1272517,350,20,92,4.6748,0.0071,0.0860,0.0502
1272517,410,21,92,4.4325,0.0036,0.0403,0.0291
1272517,465,22,92,4.4248,0.0036,0.0406,0.0284
1272517,550,23,92,4.5014,0.0036,0.0409,0.0403
1272517,350,20,93,4.8001,0.0103,0.1114,0.0502
1272517,410,21,93,4.4862,0.0067,0.0666,0.0291
1272517,465,22,93,4.4788,0.0065,0.0645,0.0284
1272517,550,23,93,4.5527,0.0061,0.0611,0.0403
1272517,350,20,97,4.7134,0.0183,0.0976,0.0502
1272517,410,21,97,4.4482,0.0098,0.0482,0.0291
1272517,465,22,97,4.4445,0.0100,0.0491,0.0284
1272517,550,23,97,4.5162,0.0100,0.0494,0.0403
120277,510,30,0,6.3652,0.0006,0.0080,0.0430
120277,440,31,0,6.2751,0.0023,0.0320,0.0450
120277,550,32,0,6.3764,0.0028,0.0400,0.0350
120277,350,20,70,-0.9427,0.0004,0.0040,0.0670
120277,410,21,70,-0.3144,0.0004,0.0040,0.0480
120277,465,22,70,-0.2605,0.0004,0.0030,0.0470
120277,550,23,70,-0.1974,0.0003,0.0030,0.0350
120277,350,20,76,-0.9248,0.0006,0.0060,0.0670
120277,410,21,76,-0.3124,0.0004,0.0040,0.0480
120277,465,22,76,-0.2623,0.0006,0.0050,0.0470
120277,550,23,76,-0.1978,0.0005,0.0050,0.0350
101981,510,30,0,8.8455,0.0010,0.0140,0.1290
101981,440,31,0,8.8323,0.0090,0.1370,0.1380
101981,550,32,0,8.7648,0.0129,0.1680,0.1180
101981,350,20,22,-0.5718,0.0008,0.0070,0.1880
101981,410,21,22,0.1828,0.0007,0.0060,0.1340
101981,465,22,22,0.3734,0.0006,0.0060,0.1450
101981,550,23,22,0.4642,0.0006,0.0050,0.1180
101981,360,40,22,8.7148,0.0024,0.0130,0.1870
101981,440,41,22,7.9152,0.0025,0.0140,0.1380
101981,550,42,22,8.8422,0.0035,0.0170,0.1180
101981,402,43,22,8.7502,0.0024,0.0130,0.1510
101981,448,44,22,9.4479,0.0026,0.0130,0.1480
101981,540,45,22,9.5526,0.0023,0.0120,0.1110
101981,581,46,22,9.9634,0.0024,0.0140,0.1280
101981,360,1,41,8.3468,0.0015,0.0080,0.1870
101981,440,2,41,8.8622,0.0010,0.0060,0.1380
101981,550,3,41,8.8371,0.0015,0.0070,0.1180
78615,510,30,0,6.4918,0.0006,0.0080,0.0560
78615,440,31,0,6.4116,0.0027,0.0330,0.0570
78615,550,32,0,6.5078,0.0028,0.0440,0.0520
78615,350,20,82,-0.5312,0.0005,0.0050,0.1090
78615,410,21,82,-0.0754,0.0008,0.0070,0.0630
78615,465,22,82,-0.0224,0.0008,0.0060,0.0650
78615,550,23,82,0.0503,0.0008,0.0080,0.0520
5542,510,30,0,6.4777,0.0008,0.0090,0.0150
5542,440,31,0,6.4396,0.0026,0.0350,0.0240
5542,550,32,0,6.4809,0.0040,0.0470,0.0130
5542,350,20,32,-0.7395,0.0006,0.0040,0.0570
5542,410,21,32,-0.2778,0.0006,0.0050,-0.0230
5542,465,22,32,-0.1220,0.0006,0.0040,0.0200
5542,550,23,32,-0.0282,0.0007,0.0040,0.0130
1501079,510,30,0,6.4233,0.0006,0.0070,-0.0400
1501079,440,31,0,6.4401,0.0029,0.0360,-0.0250
1501079,550,32,0,6.4051,0.0030,0.0440,-0.0320
1501079,350,20,19,0.7755,0.0003,0.0030,-0.0810
1501079,410,21,19,0.5403,0.0003,0.0020,-0.0260
1501079,465,22,19,0.4534,0.0002,0.0020,-0.0390
1501079,550,23,19,0.4300,0.0002,0.0020,-0.0320
1150019,510,30,0,4.7323,0.0004,0.0036,-0.0056
1150019,440,31,0,4.8186,0.0017,0.0180,-0.0131
1150019,550,32,0,4.7195,0.0016,0.0197,0.0048
1150019,350,20,92,6.2760,0.0012,0.0197,0.0040
1150019,410,21,92,4.9752,0.0003,0.0072,0.0037
1150019,465,22,92,4.7510,0.0006,0.0089,0.0037
1150019,550,23,92,4.7121,0.0007,0.0106,0.0048
1150019,350,20,93,6.2932,0.0017,0.0054,0.0040
1150019,410,21,93,4.9898,0.0002,0.0006,0.0037
1150019,465,22,93,4.7545,0.0013,0.0038,0.0037
1150019,550,23,93,4.7186,0.0011,0.0032,0.0048
202582,510,30,0,6.4362,0.0006,0.0075,-0.0072
202582,440,31,0,6.5087,0.0037,0.0451,-0.0016
202582,550,32,0,6.4422,0.0045,0.0526,-0.0067
202582,350,20,86,-0.4546,0.0007,0.0048,-0.0203
202582,410,21,86,-0.3760,0.0007,0.0049,-0.0087
202582,465,22,86,-0.4156,0.0007,0.0051,-0.0077
202582,550,23,86,-0.4019,0.0007,0.0046,-0.0067
1295077,510,30,0,5.1381,0.0006,0.0048,0.0395
1295077,440,31,0,5.0186,0.0029,0.0247,0.0518
1295077,550,32,0,5.1575,0.0026,0.0247,0.0349
1295077,350,20,16,-0.3447,0.0009,0.0065,0.0496
1295077,410,21,16,-0.1107,0.0009,0.0057,0.0571
1295077,465,22,16,-0.1078,0.0011,0.0070,0.0498
1295077,550,23,16,-0.0585,0.0013,0.0085,0.0349
1295077,350,20,33,-0.3485,0.0006,0.0068,0.0496
1295077,410,21,33,-0.1149,0.0006,0.0060,0.0571
1295077,465,22,33,-0.1124,0.0005,0.0054,0.0498
1295077,550,23,33,-0.0648,0.0004,0.0045,0.0349